defect_id,product_id,defect_type,defect_date,defect_location,severity,inspection_method,repair_cost,Month Name
1,15,Structural,6/6/2024,Component,Minor,Visual Inspection,245.47,June
2,6,Functional,4/26/2024,Component,Minor,Visual Inspection,26.87,April
3,84,Structural,2/15/2024,Internal,Minor,Automated Testing,835.81,February
4,10,Functional,3/28/2024,Internal,Critical,Automated Testing,444.47,March
5,14,Cosmetic,4/26/2024,Component,Minor,Manual Testing,823.64,April
6,17,Functional,5/11/2024,Internal,Moderate,Visual Inspection,788.11,May
7,85,Cosmetic,5/23/2024,Internal,Critical,Manual Testing,33.68,May
8,90,Structural,1/15/2024,Internal,Moderate,Manual Testing,65.56,January
9,30,Structural,1/26/2024,Component,Critical,Manual Testing,848.61,January
10,20,Structural,6/5/2024,Component,Critical,Visual Inspection,478.48,June
11,45,Structural,4/28/2024,Surface,Moderate,Automated Testing,217.96,April
12,86,Structural,2/25/2024,Component,Minor,Manual Testing,485.02,February
13,87,Cosmetic,6/20/2024,Component,Minor,Visual Inspection,714.63,June
14,72,Cosmetic,5/8/2024,Surface,Critical,Manual Testing,603.94,May
15,74,Cosmetic,5/3/2024,Component,Critical,Manual Testing,189.55,May
16,10,Functional,1/20/2024,Component,Minor,Automated Testing,458.79,January
17,53,Structural,5/14/2024,Internal,Minor,Visual Inspection,509.35,May
18,63,Cosmetic,5/21/2024,Component,Critical,Visual Inspection,538.99,May
19,28,Functional,2/15/2024,Internal,Critical,Manual Testing,34.93,February
20,81,Structural,5/25/2024,Internal,Moderate,Manual Testing,557.11,May
21,67,Functional,5/3/2024,Surface,Minor,Visual Inspection,831.43,May
22,6,Structural,3/6/2024,Surface,Minor,Visual Inspection,504.9,March
23,33,Structural,5/6/2024,Surface,Moderate,Automated Testing,349.23,May
24,15,Structural,2/23/2024,Component,Critical,Visual Inspection,560.39,February
25,13,Cosmetic,2/19/2024,Surface,Moderate,Manual Testing,629.71,February
26,39,Structural,6/15/2024,Component,Moderate,Visual Inspection,975.44,June
27,60,Cosmetic,5/8/2024,Component,Moderate,Manual Testing,737.54,May
28,42,Structural,1/2/2024,Component,Critical,Manual Testing,592.87,January
29,3,Structural,1/13/2024,Component,Moderate,Automated Testing,99.82,January
30,17,Functional,1/22/2024,Surface,Critical,Visual Inspection,106.34,January
31,30,Structural,4/30/2024,Surface,Critical,Automated Testing,352.58,April
32,25,Structural,3/29/2024,Surface,Moderate,Visual Inspection,734.12,March
33,14,Cosmetic,5/15/2024,Internal,Minor,Visual Inspection,953.54,May
34,58,Structural,6/19/2024,Surface,Critical,Manual Testing,753.89,June
35,48,Functional,4/4/2024,Component,Critical,Automated Testing,955.91,April
36,20,Structural,6/4/2024,Surface,Critical,Automated Testing,776.91,June
37,68,Cosmetic,1/20/2024,Internal,Critical,Manual Testing,607.96,January
38,51,Functional,6/8/2024,Internal,Moderate,Automated Testing,107.7,June
39,12,Functional,6/25/2024,Internal,Critical,Manual Testing,27.24,June
40,92,Cosmetic,1/6/2024,Surface,Critical,Visual Inspection,370.83,January
41,63,Functional,3/11/2024,Component,Minor,Manual Testing,526.08,March
42,49,Functional,5/18/2024,Surface,Critical,Automated Testing,144.38,May
43,72,Cosmetic,3/23/2024,Surface,Moderate,Visual Inspection,534.33,March
44,24,Structural,5/18/2024,Surface,Minor,Visual Inspection,456.8,May
45,64,Functional,5/27/2024,Surface,Minor,Automated Testing,215.01,May
46,36,Structural,4/24/2024,Surface,Moderate,Manual Testing,824.3,April
47,79,Structural,2/14/2024,Component,Critical,Manual Testing,769.28,February
48,36,Structural,1/3/2024,Component,Moderate,Manual Testing,160.25,January
49,65,Functional,2/24/2024,Component,Minor,Automated Testing,386.17,February
50,9,Functional,1/6/2024,Component,Moderate,Manual Testing,572.08,January
51,10,Structural,6/26/2024,Internal,Minor,Visual Inspection,433.85,June
52,7,Structural,5/19/2024,Surface,Minor,Manual Testing,338.1,May
53,81,Functional,1/3/2024,Surface,Critical,Automated Testing,93.13,January
54,62,Cosmetic,5/14/2024,Component,Moderate,Visual Inspection,308.37,May
55,29,Structural,3/23/2024,Internal,Critical,Automated Testing,396.58,March
56,73,Structural,1/19/2024,Surface,Minor,Automated Testing,957.6,January
57,86,Structural,3/6/2024,Internal,Moderate,Automated Testing,205.19,March
58,5,Cosmetic,5/25/2024,Component,Critical,Manual Testing,300.27,May
59,79,Structural,3/10/2024,Internal,Critical,Automated Testing,671.22,March
60,87,Functional,2/18/2024,Surface,Minor,Visual Inspection,395.1,February
61,60,Structural,6/11/2024,Component,Critical,Visual Inspection,675.89,June
62,43,Cosmetic,3/8/2024,Component,Moderate,Visual Inspection,523.02,March
63,52,Structural,1/2/2024,Surface,Critical,Manual Testing,337.5,January
64,2,Cosmetic,1/11/2024,Surface,Minor,Automated Testing,830.89,January
65,22,Functional,4/16/2024,Component,Critical,Visual Inspection,84.97,April
66,31,Functional,5/24/2024,Internal,Minor,Visual Inspection,771.96,May
67,87,Functional,3/15/2024,Internal,Minor,Automated Testing,46.43,March
68,11,Cosmetic,4/16/2024,Internal,Minor,Automated Testing,31.91,April
69,33,Cosmetic,5/19/2024,Component,Moderate,Automated Testing,845.8,May
70,17,Functional,2/19/2024,Component,Minor,Manual Testing,729.55,February
71,71,Cosmetic,3/5/2024,Surface,Moderate,Automated Testing,187.03,March
72,35,Structural,6/29/2024,Component,Moderate,Automated Testing,470.35,June
73,15,Functional,5/20/2024,Internal,Minor,Visual Inspection,662.35,May
74,43,Functional,4/4/2024,Component,Critical,Visual Inspection,509.97,April
75,2,Functional,1/3/2024,Component,Critical,Manual Testing,352.33,January
76,36,Functional,3/27/2024,Surface,Minor,Manual Testing,228.22,March
77,64,Functional,2/6/2024,Component,Critical,Manual Testing,632.45,February
78,28,Functional,6/20/2024,Component,Critical,Automated Testing,975.87,June
79,69,Structural,3/23/2024,Internal,Moderate,Visual Inspection,967.14,March
80,75,Structural,1/11/2024,Surface,Moderate,Automated Testing,992.69,January
81,69,Functional,3/14/2024,Surface,Minor,Manual Testing,827.74,March
82,74,Structural,4/2/2024,Component,Critical,Automated Testing,270.97,April
83,69,Structural,4/11/2024,Surface,Critical,Visual Inspection,712.98,April
84,11,Structural,6/24/2024,Component,Critical,Manual Testing,556.05,June
85,92,Structural,4/27/2024,Component,Minor,Manual Testing,200.11,April
86,70,Structural,1/14/2024,Component,Moderate,Automated Testing,660.05,January
87,22,Structural,1/21/2024,Component,Moderate,Manual Testing,220.96,January
88,9,Functional,2/9/2024,Component,Critical,Visual Inspection,776.54,February
89,6,Functional,5/1/2024,Surface,Moderate,Visual Inspection,920.26,May
90,58,Structural,2/17/2024,Internal,Moderate,Visual Inspection,492.22,February
91,98,Cosmetic,3/7/2024,Surface,Critical,Manual Testing,513.45,March
92,93,Functional,6/30/2024,Component,Moderate,Automated Testing,286.28,June
93,10,Functional,4/1/2024,Surface,Minor,Automated Testing,698.89,April
94,72,Cosmetic,2/2/2024,Internal,Critical,Visual Inspection,555.25,February
95,36,Cosmetic,5/16/2024,Component,Moderate,Manual Testing,465.92,May
96,11,Structural,3/8/2024,Component,Critical,Manual Testing,732.13,March
97,56,Structural,3/15/2024,Component,Moderate,Automated Testing,582.46,March
98,67,Cosmetic,3/10/2024,Component,Moderate,Visual Inspection,647.7,March
99,67,Structural,4/8/2024,Component,Critical,Visual Inspection,536.57,April
100,8,Functional,4/24/2024,Surface,Minor,Visual Inspection,673.85,April
101,27,Structural,1/25/2024,Internal,Minor,Manual Testing,871.1,January
102,79,Structural,6/25/2024,Internal,Critical,Visual Inspection,973.66,June
103,87,Functional,5/31/2024,Internal,Critical,Visual Inspection,787.42,May
104,1,Structural,6/25/2024,Surface,Minor,Manual Testing,338.48,June
105,49,Structural,4/30/2024,Component,Critical,Visual Inspection,922.07,April
106,9,Functional,5/14/2024,Surface,Moderate,Manual Testing,137.41,May
107,63,Structural,6/28/2024,Surface,Critical,Automated Testing,17.89,June
108,97,Cosmetic,1/26/2024,Surface,Moderate,Manual Testing,210.3,January
109,1,Cosmetic,2/22/2024,Component,Critical,Automated Testing,978.5,February
110,44,Functional,3/5/2024,Surface,Minor,Visual Inspection,381.15,March
111,27,Structural,5/6/2024,Component,Moderate,Manual Testing,302.42,May
112,9,Cosmetic,1/12/2024,Component,Minor,Automated Testing,813.46,January
113,67,Cosmetic,4/8/2024,Surface,Minor,Automated Testing,998.27,April
114,83,Functional,1/25/2024,Component,Critical,Manual Testing,498.47,January
115,66,Functional,4/30/2024,Internal,Moderate,Visual Inspection,362.23,April
116,36,Cosmetic,1/9/2024,Internal,Critical,Visual Inspection,194.79,January
117,64,Cosmetic,1/11/2024,Surface,Moderate,Visual Inspection,677.65,January
118,66,Structural,4/10/2024,Surface,Critical,Manual Testing,310.8,April
119,99,Structural,3/5/2024,Surface,Minor,Visual Inspection,717.21,March
120,80,Functional,3/8/2024,Component,Critical,Manual Testing,641.58,March
121,86,Structural,6/9/2024,Internal,Minor,Manual Testing,520.84,June
122,51,Structural,4/16/2024,Surface,Critical,Manual Testing,271.18,April
123,79,Cosmetic,2/4/2024,Internal,Minor,Manual Testing,657.81,February
124,100,Functional,3/27/2024,Internal,Moderate,Manual Testing,620.66,March
125,86,Cosmetic,3/10/2024,Surface,Critical,Visual Inspection,533.03,March
126,29,Structural,2/1/2024,Surface,Minor,Visual Inspection,21.77,February
127,68,Cosmetic,5/19/2024,Surface,Minor,Manual Testing,302.22,May
128,92,Cosmetic,3/2/2024,Internal,Moderate,Automated Testing,895.38,March
129,14,Cosmetic,6/20/2024,Surface,Critical,Visual Inspection,241.61,June
130,72,Cosmetic,4/6/2024,Internal,Critical,Automated Testing,878.46,April
131,61,Functional,5/15/2024,Internal,Critical,Visual Inspection,268.08,May
132,63,Structural,4/23/2024,Surface,Critical,Visual Inspection,492.32,April
133,86,Structural,3/20/2024,Surface,Moderate,Manual Testing,379.78,March
134,98,Cosmetic,2/3/2024,Surface,Moderate,Visual Inspection,498.71,February
135,61,Cosmetic,2/15/2024,Internal,Moderate,Automated Testing,379.01,February
136,67,Functional,2/21/2024,Internal,Minor,Automated Testing,79.52,February
137,2,Functional,4/19/2024,Internal,Critical,Automated Testing,602.25,April
138,11,Structural,3/5/2024,Component,Critical,Automated Testing,575.71,March
139,58,Cosmetic,6/24/2024,Surface,Critical,Visual Inspection,760.33,June
140,68,Functional,4/4/2024,Internal,Critical,Manual Testing,955.54,April
141,28,Cosmetic,1/6/2024,Internal,Minor,Visual Inspection,679.88,January
142,63,Structural,3/25/2024,Internal,Critical,Visual Inspection,71.91,March
143,100,Functional,5/27/2024,Internal,Moderate,Manual Testing,916.79,May
144,45,Cosmetic,6/18/2024,Internal,Moderate,Manual Testing,558.34,June
145,25,Structural,1/16/2024,Internal,Minor,Manual Testing,23.02,January
146,43,Cosmetic,4/26/2024,Internal,Minor,Visual Inspection,346.23,April
147,45,Structural,4/5/2024,Internal,Critical,Automated Testing,926.31,April
148,84,Cosmetic,1/29/2024,Internal,Critical,Automated Testing,783.88,January
149,41,Cosmetic,1/25/2024,Surface,Moderate,Automated Testing,747.18,January
150,53,Functional,3/22/2024,Surface,Critical,Manual Testing,415.84,March
151,61,Structural,6/7/2024,Component,Minor,Visual Inspection,502.15,June
152,97,Structural,1/27/2024,Internal,Moderate,Manual Testing,94.7,January
153,63,Cosmetic,1/9/2024,Surface,Minor,Manual Testing,426.04,January
154,75,Cosmetic,5/3/2024,Surface,Moderate,Automated Testing,380.52,May
155,10,Structural,1/24/2024,Component,Minor,Visual Inspection,935.64,January
156,56,Functional,5/21/2024,Internal,Minor,Manual Testing,595.9,May
157,96,Functional,5/7/2024,Surface,Minor,Manual Testing,788.22,May
158,96,Functional,1/16/2024,Surface,Critical,Visual Inspection,465.74,January
159,77,Structural,5/19/2024,Internal,Moderate,Automated Testing,661.8,May
160,91,Structural,5/17/2024,Surface,Moderate,Manual Testing,532.77,May
161,56,Cosmetic,5/21/2024,Component,Minor,Visual Inspection,612.03,May
162,56,Functional,2/9/2024,Component,Moderate,Manual Testing,614.11,February
163,12,Cosmetic,1/30/2024,Surface,Minor,Manual Testing,238.39,January
164,6,Structural,4/20/2024,Internal,Minor,Visual Inspection,986.51,April
165,30,Cosmetic,5/6/2024,Component,Critical,Automated Testing,796.76,May
166,34,Functional,2/15/2024,Component,Minor,Visual Inspection,105.27,February
167,99,Cosmetic,1/27/2024,Surface,Moderate,Automated Testing,950.97,January
168,14,Structural,6/29/2024,Surface,Critical,Visual Inspection,517.41,June
169,70,Cosmetic,6/3/2024,Surface,Critical,Manual Testing,789.62,June
170,4,Functional,5/16/2024,Internal,Moderate,Visual Inspection,942.03,May
171,74,Cosmetic,4/26/2024,Surface,Moderate,Manual Testing,352.05,April
172,25,Cosmetic,1/2/2024,Component,Critical,Automated Testing,10.22,January
173,74,Cosmetic,3/29/2024,Component,Moderate,Automated Testing,932.23,March
174,51,Functional,5/29/2024,Surface,Critical,Automated Testing,715.22,May
175,6,Structural,2/19/2024,Internal,Moderate,Manual Testing,999.64,February
176,13,Structural,3/9/2024,Surface,Critical,Manual Testing,952.49,March
177,34,Structural,1/21/2024,Internal,Minor,Manual Testing,174.76,January
178,51,Functional,1/17/2024,Internal,Minor,Visual Inspection,755.15,January
179,44,Structural,4/23/2024,Surface,Moderate,Automated Testing,532.6,April
180,64,Structural,1/7/2024,Component,Minor,Manual Testing,854.25,January
181,91,Functional,2/29/2024,Internal,Minor,Automated Testing,383.83,February
182,80,Functional,1/27/2024,Internal,Moderate,Manual Testing,80,January
183,8,Structural,2/2/2024,Component,Critical,Visual Inspection,970.31,February
184,14,Functional,2/9/2024,Internal,Moderate,Visual Inspection,517.63,February
185,64,Structural,1/15/2024,Surface,Moderate,Automated Testing,81.33,January
186,21,Structural,3/29/2024,Component,Critical,Manual Testing,540.92,March
187,13,Cosmetic,4/27/2024,Internal,Critical,Visual Inspection,280.77,April
188,56,Structural,6/2/2024,Internal,Moderate,Automated Testing,87.28,June
189,95,Cosmetic,2/23/2024,Surface,Minor,Manual Testing,306.56,February
190,4,Functional,6/22/2024,Surface,Critical,Automated Testing,86.46,June
191,80,Cosmetic,1/12/2024,Surface,Critical,Manual Testing,13.03,January
192,95,Functional,3/21/2024,Component,Critical,Visual Inspection,525.07,March
193,28,Cosmetic,5/21/2024,Component,Critical,Manual Testing,219.71,May
194,1,Structural,3/3/2024,Component,Critical,Visual Inspection,192.21,March
195,17,Structural,2/18/2024,Component,Moderate,Automated Testing,924.13,February
196,18,Structural,6/21/2024,Component,Minor,Manual Testing,65.23,June
197,76,Cosmetic,5/28/2024,Internal,Moderate,Automated Testing,481.7,May
198,28,Cosmetic,4/14/2024,Surface,Minor,Manual Testing,561.27,April
199,75,Structural,1/30/2024,Internal,Moderate,Visual Inspection,169.54,January
200,78,Cosmetic,4/4/2024,Surface,Moderate,Visual Inspection,629.38,April
201,8,Cosmetic,1/4/2024,Surface,Critical,Automated Testing,783.36,January
202,97,Structural,5/25/2024,Surface,Moderate,Automated Testing,102.88,May
203,22,Structural,4/5/2024,Component,Minor,Manual Testing,269.04,April
204,82,Functional,1/20/2024,Surface,Moderate,Visual Inspection,257.33,January
205,17,Structural,5/28/2024,Component,Critical,Automated Testing,824.37,May
206,59,Functional,5/29/2024,Surface,Minor,Manual Testing,303.59,May
207,69,Functional,4/22/2024,Internal,Critical,Automated Testing,793.3,April
208,22,Functional,1/31/2024,Surface,Critical,Manual Testing,929.05,January
209,76,Functional,5/20/2024,Internal,Moderate,Manual Testing,473.36,May
210,59,Functional,1/25/2024,Surface,Minor,Automated Testing,478.17,January
211,61,Structural,3/12/2024,Component,Critical,Manual Testing,430.49,March
212,69,Functional,5/7/2024,Surface,Moderate,Automated Testing,460.93,May
213,75,Cosmetic,1/30/2024,Internal,Moderate,Visual Inspection,917.3,January
214,42,Structural,1/2/2024,Surface,Minor,Manual Testing,520.21,January
215,38,Functional,1/7/2024,Internal,Critical,Manual Testing,575.58,January
216,5,Structural,1/13/2024,Internal,Moderate,Visual Inspection,296.41,January
217,10,Cosmetic,5/28/2024,Surface,Critical,Automated Testing,622.98,May
218,21,Functional,5/10/2024,Internal,Critical,Visual Inspection,484.08,May
219,92,Cosmetic,4/26/2024,Component,Critical,Manual Testing,479.31,April
220,29,Functional,4/5/2024,Surface,Minor,Manual Testing,624.22,April
221,49,Functional,6/11/2024,Component,Critical,Manual Testing,777.18,June
222,28,Functional,2/12/2024,Component,Critical,Automated Testing,842.93,February
223,87,Cosmetic,1/26/2024,Surface,Critical,Manual Testing,974.99,January
224,51,Functional,4/24/2024,Component,Critical,Manual Testing,989.81,April
225,64,Structural,4/23/2024,Component,Moderate,Visual Inspection,484.04,April
226,77,Cosmetic,6/4/2024,Internal,Minor,Automated Testing,38.39,June
227,23,Functional,6/23/2024,Surface,Minor,Visual Inspection,334.53,June
228,89,Functional,2/4/2024,Component,Moderate,Manual Testing,580.74,February
229,30,Functional,3/24/2024,Surface,Critical,Manual Testing,638.28,March
230,88,Structural,1/28/2024,Component,Minor,Manual Testing,727.86,January
231,47,Structural,3/11/2024,Internal,Moderate,Manual Testing,117.74,March
232,74,Functional,5/25/2024,Component,Critical,Automated Testing,891.94,May
233,53,Structural,3/17/2024,Surface,Minor,Visual Inspection,440.58,March
234,39,Structural,2/17/2024,Internal,Minor,Automated Testing,310.96,February
235,4,Cosmetic,1/28/2024,Internal,Critical,Manual Testing,430.74,January
236,29,Cosmetic,5/5/2024,Surface,Minor,Automated Testing,47.99,May
237,31,Cosmetic,6/30/2024,Component,Moderate,Visual Inspection,728.13,June
238,75,Structural,2/6/2024,Component,Critical,Visual Inspection,890.35,February
239,88,Functional,3/12/2024,Surface,Minor,Manual Testing,356.55,March
240,14,Structural,5/4/2024,Internal,Moderate,Visual Inspection,271.51,May
241,80,Structural,3/19/2024,Surface,Minor,Manual Testing,288.31,March
242,13,Functional,2/8/2024,Component,Critical,Automated Testing,663.49,February
243,5,Functional,6/18/2024,Internal,Moderate,Manual Testing,711.77,June
244,67,Structural,6/4/2024,Surface,Moderate,Visual Inspection,822.12,June
245,35,Cosmetic,5/27/2024,Component,Critical,Visual Inspection,889.52,May
246,81,Structural,3/30/2024,Surface,Minor,Automated Testing,471.55,March
247,24,Cosmetic,4/22/2024,Internal,Critical,Automated Testing,136.69,April
248,65,Structural,3/27/2024,Component,Minor,Automated Testing,148.61,March
249,13,Structural,5/16/2024,Surface,Moderate,Manual Testing,768.39,May
250,65,Cosmetic,6/7/2024,Component,Moderate,Manual Testing,545.52,June
251,33,Structural,1/29/2024,Component,Moderate,Automated Testing,978.58,January
252,92,Cosmetic,5/16/2024,Internal,Critical,Visual Inspection,62.59,May
253,25,Functional,5/1/2024,Component,Minor,Automated Testing,146.53,May
254,33,Functional,5/2/2024,Surface,Minor,Automated Testing,168.3,May
255,63,Cosmetic,1/2/2024,Internal,Critical,Manual Testing,225.2,January
256,23,Structural,6/18/2024,Surface,Minor,Manual Testing,875.37,June
257,47,Structural,6/3/2024,Surface,Minor,Manual Testing,772.77,June
258,78,Structural,5/7/2024,Component,Minor,Automated Testing,617.12,May
259,74,Functional,3/20/2024,Surface,Moderate,Manual Testing,900.61,March
260,70,Structural,3/3/2024,Surface,Minor,Manual Testing,159.25,March
261,59,Functional,3/2/2024,Internal,Minor,Manual Testing,16.62,March
262,77,Functional,2/25/2024,Surface,Minor,Automated Testing,906.96,February
263,96,Functional,5/3/2024,Internal,Minor,Manual Testing,446.61,May
264,39,Structural,1/29/2024,Surface,Minor,Manual Testing,406.06,January
265,54,Structural,6/8/2024,Component,Minor,Automated Testing,286.25,June
266,74,Structural,6/22/2024,Surface,Critical,Manual Testing,319.6,June
267,57,Functional,6/4/2024,Surface,Moderate,Manual Testing,798.16,June
268,48,Functional,1/5/2024,Component,Critical,Manual Testing,674.23,January
269,99,Cosmetic,3/9/2024,Component,Minor,Manual Testing,940.48,March
270,71,Functional,4/5/2024,Internal,Critical,Visual Inspection,42.63,April
271,37,Cosmetic,6/26/2024,Surface,Critical,Automated Testing,433.02,June
272,65,Structural,4/9/2024,Internal,Minor,Manual Testing,606.91,April
273,94,Structural,6/15/2024,Surface,Moderate,Automated Testing,129.41,June
274,83,Cosmetic,2/5/2024,Surface,Critical,Manual Testing,444.1,February
275,71,Functional,5/29/2024,Surface,Moderate,Manual Testing,634.26,May
276,46,Cosmetic,1/13/2024,Surface,Moderate,Manual Testing,672.89,January
277,56,Functional,5/22/2024,Internal,Minor,Visual Inspection,557.67,May
278,34,Functional,6/22/2024,Internal,Minor,Manual Testing,272.53,June
279,19,Structural,2/17/2024,Internal,Minor,Visual Inspection,503.24,February
280,27,Functional,4/23/2024,Surface,Critical,Visual Inspection,611.37,April
281,69,Cosmetic,1/24/2024,Surface,Minor,Visual Inspection,501.54,January
282,90,Structural,5/20/2024,Surface,Minor,Manual Testing,290.23,May
283,63,Cosmetic,1/30/2024,Internal,Moderate,Manual Testing,195.84,January
284,86,Structural,4/9/2024,Internal,Moderate,Visual Inspection,88.05,April
285,82,Structural,5/17/2024,Surface,Critical,Manual Testing,97.99,May
286,65,Structural,6/19/2024,Internal,Critical,Visual Inspection,349.24,June
287,14,Structural,1/31/2024,Internal,Critical,Manual Testing,421.51,January
288,48,Structural,5/26/2024,Internal,Critical,Manual Testing,422.77,May
289,61,Structural,2/7/2024,Internal,Minor,Automated Testing,925.03,February
290,35,Structural,2/27/2024,Internal,Minor,Automated Testing,319.58,February
291,67,Functional,4/22/2024,Surface,Moderate,Automated Testing,556.42,April
292,16,Structural,2/4/2024,Surface,Minor,Automated Testing,818.54,February
293,44,Structural,1/2/2024,Internal,Moderate,Automated Testing,320.62,January
294,80,Cosmetic,3/31/2024,Internal,Moderate,Manual Testing,178.82,March
295,83,Structural,2/29/2024,Surface,Critical,Manual Testing,237.65,February
296,93,Structural,3/14/2024,Component,Moderate,Manual Testing,658.16,March
297,43,Structural,1/23/2024,Surface,Minor,Visual Inspection,326.58,January
298,87,Cosmetic,2/14/2024,Surface,Minor,Manual Testing,301.61,February
299,56,Cosmetic,5/26/2024,Surface,Minor,Visual Inspection,357.56,May
300,3,Functional,4/26/2024,Internal,Critical,Manual Testing,358.21,April
301,22,Structural,5/3/2024,Surface,Moderate,Manual Testing,89.91,May
302,85,Cosmetic,5/6/2024,Internal,Minor,Automated Testing,18.42,May
303,80,Functional,4/25/2024,Component,Moderate,Visual Inspection,294.31,April
304,17,Functional,4/24/2024,Internal,Minor,Visual Inspection,865.96,April
305,35,Cosmetic,6/12/2024,Component,Minor,Visual Inspection,578.28,June
306,39,Structural,2/13/2024,Surface,Critical,Visual Inspection,495.87,February
307,30,Functional,6/19/2024,Component,Minor,Visual Inspection,728.39,June
308,47,Cosmetic,1/8/2024,Component,Minor,Manual Testing,949.72,January
309,24,Structural,3/23/2024,Component,Moderate,Manual Testing,56.12,March
310,76,Structural,5/26/2024,Component,Moderate,Automated Testing,56.35,May
311,38,Structural,4/8/2024,Internal,Minor,Manual Testing,651.35,April
312,47,Cosmetic,2/23/2024,Component,Minor,Manual Testing,471.27,February
313,82,Cosmetic,5/29/2024,Surface,Moderate,Visual Inspection,732.6,May
314,36,Cosmetic,2/19/2024,Component,Minor,Automated Testing,865.3,February
315,40,Functional,1/15/2024,Internal,Minor,Automated Testing,49.2,January
316,28,Cosmetic,6/9/2024,Surface,Critical,Manual Testing,567.72,June
317,31,Cosmetic,1/9/2024,Surface,Moderate,Visual Inspection,490.53,January
318,34,Functional,3/3/2024,Component,Minor,Manual Testing,11.38,March
319,56,Functional,2/23/2024,Component,Moderate,Visual Inspection,409.72,February
320,45,Functional,1/5/2024,Component,Minor,Visual Inspection,515.07,January
321,32,Structural,6/6/2024,Component,Moderate,Visual Inspection,42.44,June
322,54,Functional,5/30/2024,Internal,Critical,Automated Testing,883.58,May
323,44,Structural,6/8/2024,Internal,Minor,Automated Testing,624.98,June
324,97,Functional,4/6/2024,Component,Minor,Manual Testing,195.74,April
325,15,Functional,4/15/2024,Internal,Moderate,Manual Testing,241.22,April
326,97,Cosmetic,4/29/2024,Component,Minor,Manual Testing,441.18,April
327,17,Structural,4/1/2024,Component,Critical,Manual Testing,274.09,April
328,91,Functional,6/8/2024,Surface,Moderate,Visual Inspection,268.52,June
329,92,Structural,1/2/2024,Component,Critical,Automated Testing,170.44,January
330,72,Functional,3/1/2024,Component,Moderate,Automated Testing,386.43,March
331,74,Functional,3/1/2024,Surface,Minor,Manual Testing,970.98,March
332,7,Functional,5/16/2024,Component,Minor,Automated Testing,751.73,May
333,24,Functional,4/22/2024,Component,Minor,Automated Testing,285.85,April
334,10,Structural,3/15/2024,Internal,Critical,Manual Testing,478.75,March
335,26,Cosmetic,2/29/2024,Surface,Minor,Automated Testing,884.79,February
336,92,Cosmetic,4/13/2024,Surface,Moderate,Automated Testing,44.73,April
337,68,Cosmetic,5/24/2024,Component,Minor,Automated Testing,952.79,May
338,31,Cosmetic,1/3/2024,Component,Moderate,Manual Testing,959.59,January
339,41,Structural,2/15/2024,Component,Moderate,Visual Inspection,312.25,February
340,95,Cosmetic,6/23/2024,Component,Minor,Visual Inspection,658.47,June
341,17,Functional,5/3/2024,Surface,Minor,Manual Testing,243.25,May
342,4,Cosmetic,5/24/2024,Internal,Moderate,Automated Testing,199.65,May
343,96,Functional,1/30/2024,Component,Minor,Visual Inspection,471.43,January
344,81,Functional,2/6/2024,Component,Moderate,Visual Inspection,756.85,February
345,61,Structural,5/31/2024,Internal,Critical,Visual Inspection,369.06,May
346,97,Cosmetic,6/14/2024,Surface,Minor,Manual Testing,326.19,June
347,90,Functional,5/19/2024,Component,Minor,Visual Inspection,22.07,May
348,29,Cosmetic,4/18/2024,Component,Critical,Visual Inspection,825.33,April
349,45,Cosmetic,1/20/2024,Surface,Minor,Automated Testing,697.77,January
350,33,Structural,5/18/2024,Component,Moderate,Visual Inspection,417.1,May
351,44,Cosmetic,6/7/2024,Surface,Minor,Visual Inspection,74.81,June
352,30,Functional,2/24/2024,Surface,Minor,Visual Inspection,104.54,February
353,29,Functional,6/14/2024,Component,Critical,Manual Testing,480.07,June
354,26,Structural,3/13/2024,Surface,Minor,Manual Testing,842.37,March
355,18,Cosmetic,3/12/2024,Internal,Critical,Manual Testing,422.03,March
356,9,Functional,2/3/2024,Internal,Critical,Visual Inspection,161.41,February
357,50,Cosmetic,2/8/2024,Component,Critical,Visual Inspection,361.26,February
358,71,Cosmetic,5/17/2024,Surface,Critical,Automated Testing,999.25,May
359,27,Functional,2/17/2024,Internal,Critical,Automated Testing,495.53,February
360,82,Functional,6/2/2024,Internal,Moderate,Visual Inspection,40.89,June
361,19,Functional,6/7/2024,Component,Moderate,Manual Testing,444.31,June
362,45,Structural,6/20/2024,Surface,Minor,Manual Testing,739.69,June
363,12,Structural,6/20/2024,Internal,Minor,Visual Inspection,577.64,June
364,54,Functional,3/21/2024,Component,Minor,Visual Inspection,230.65,March
365,40,Structural,4/10/2024,Component,Minor,Manual Testing,692.1,April
366,95,Functional,4/4/2024,Internal,Critical,Visual Inspection,378.29,April
367,21,Functional,1/23/2024,Internal,Moderate,Visual Inspection,584.9,January
368,35,Functional,3/1/2024,Internal,Moderate,Visual Inspection,39.01,March
369,47,Functional,1/26/2024,Internal,Critical,Visual Inspection,899.07,January
370,93,Structural,1/27/2024,Internal,Minor,Visual Inspection,96.04,January
371,74,Structural,1/2/2024,Internal,Moderate,Visual Inspection,269.99,January
372,76,Cosmetic,5/14/2024,Surface,Minor,Visual Inspection,996.49,May
373,92,Functional,1/11/2024,Surface,Moderate,Manual Testing,573.22,January
374,5,Structural,6/13/2024,Internal,Moderate,Visual Inspection,694.03,June
375,48,Functional,5/10/2024,Internal,Minor,Visual Inspection,963.03,May
376,54,Functional,1/10/2024,Component,Moderate,Manual Testing,118.46,January
377,97,Structural,1/16/2024,Component,Moderate,Automated Testing,773.47,January
378,41,Structural,6/12/2024,Surface,Minor,Visual Inspection,180.86,June
379,34,Cosmetic,4/5/2024,Surface,Minor,Manual Testing,18.61,April
380,25,Cosmetic,4/10/2024,Component,Critical,Manual Testing,176.96,April
381,27,Cosmetic,1/7/2024,Surface,Moderate,Visual Inspection,32.44,January
382,74,Cosmetic,2/12/2024,Component,Minor,Manual Testing,351.27,February
383,51,Functional,1/5/2024,Component,Critical,Visual Inspection,303.16,January
384,98,Cosmetic,5/5/2024,Internal,Critical,Automated Testing,404.15,May
385,83,Structural,1/10/2024,Internal,Moderate,Automated Testing,800.76,January
386,60,Structural,1/29/2024,Surface,Moderate,Visual Inspection,321.45,January
387,84,Functional,2/14/2024,Surface,Critical,Manual Testing,510.38,February
388,32,Structural,2/17/2024,Internal,Minor,Automated Testing,883.92,February
389,49,Structural,4/16/2024,Internal,Minor,Automated Testing,918.87,April
390,1,Structural,5/19/2024,Surface,Critical,Automated Testing,564.46,May
391,7,Functional,6/3/2024,Internal,Minor,Visual Inspection,889.4,June
392,81,Functional,2/25/2024,Component,Critical,Automated Testing,197.87,February
393,24,Cosmetic,6/9/2024,Surface,Critical,Visual Inspection,786.6,June
394,37,Functional,5/4/2024,Internal,Moderate,Manual Testing,740.36,May
395,81,Functional,3/5/2024,Surface,Critical,Automated Testing,667.24,March
396,84,Cosmetic,1/9/2024,Surface,Critical,Visual Inspection,77.72,January
397,79,Functional,4/16/2024,Surface,Moderate,Visual Inspection,106.59,April
398,3,Structural,2/20/2024,Surface,Minor,Manual Testing,529.16,February
399,50,Functional,4/7/2024,Surface,Critical,Manual Testing,94.34,April
400,44,Cosmetic,4/12/2024,Component,Moderate,Manual Testing,97.53,April
401,34,Functional,4/19/2024,Internal,Critical,Automated Testing,500.88,April
402,41,Functional,2/23/2024,Internal,Minor,Manual Testing,477.42,February
403,6,Cosmetic,5/9/2024,Surface,Minor,Manual Testing,810.57,May
404,47,Structural,5/1/2024,Surface,Minor,Automated Testing,945.16,May
405,4,Functional,3/24/2024,Internal,Minor,Visual Inspection,325.31,March
406,39,Functional,4/11/2024,Component,Moderate,Visual Inspection,810.44,April
407,10,Functional,5/30/2024,Internal,Critical,Visual Inspection,623.76,May
408,45,Structural,6/24/2024,Internal,Minor,Visual Inspection,375.28,June
409,46,Functional,3/5/2024,Surface,Minor,Automated Testing,474.48,March
410,5,Cosmetic,3/13/2024,Surface,Moderate,Visual Inspection,636.39,March
411,86,Functional,2/28/2024,Component,Minor,Visual Inspection,957.36,February
412,97,Functional,2/2/2024,Internal,Minor,Automated Testing,66.98,February
413,20,Structural,4/5/2024,Internal,Minor,Visual Inspection,608.64,April
414,36,Structural,2/4/2024,Component,Moderate,Automated Testing,75.93,February
415,7,Structural,6/12/2024,Component,Critical,Automated Testing,477.58,June
416,53,Cosmetic,5/17/2024,Component,Moderate,Automated Testing,252.11,May
417,37,Cosmetic,4/16/2024,Component,Critical,Visual Inspection,987.71,April
418,81,Functional,3/23/2024,Internal,Moderate,Manual Testing,464.04,March
419,61,Functional,2/13/2024,Component,Minor,Visual Inspection,694.29,February
420,56,Structural,4/20/2024,Surface,Critical,Automated Testing,829.49,April
421,79,Functional,1/9/2024,Internal,Minor,Visual Inspection,466.04,January
422,12,Functional,4/11/2024,Internal,Moderate,Manual Testing,101.05,April
423,66,Cosmetic,1/4/2024,Internal,Critical,Automated Testing,748.29,January
424,27,Structural,3/27/2024,Component,Moderate,Visual Inspection,438.54,March
425,88,Functional,2/25/2024,Component,Moderate,Visual Inspection,834.57,February
426,62,Functional,5/23/2024,Internal,Critical,Manual Testing,655.02,May
427,10,Structural,3/22/2024,Surface,Critical,Manual Testing,342.61,March
428,61,Structural,3/26/2024,Internal,Critical,Visual Inspection,539.5,March
429,15,Functional,6/19/2024,Component,Moderate,Visual Inspection,487.41,June
430,72,Structural,6/27/2024,Surface,Minor,Automated Testing,212.86,June
431,77,Functional,5/13/2024,Surface,Critical,Visual Inspection,873.59,May
432,56,Cosmetic,2/25/2024,Surface,Moderate,Automated Testing,389.21,February
433,18,Cosmetic,5/3/2024,Component,Minor,Automated Testing,34.48,May
434,42,Functional,5/12/2024,Surface,Minor,Manual Testing,235.97,May
435,41,Structural,4/8/2024,Surface,Moderate,Visual Inspection,575.15,April
436,44,Structural,6/18/2024,Surface,Minor,Visual Inspection,182.54,June
437,82,Cosmetic,5/6/2024,Component,Minor,Automated Testing,752.8,May
438,39,Functional,1/12/2024,Component,Critical,Visual Inspection,214.33,January
439,63,Functional,3/13/2024,Surface,Moderate,Visual Inspection,716.26,March
440,78,Structural,3/3/2024,Surface,Critical,Visual Inspection,608.46,March
441,92,Structural,6/18/2024,Internal,Moderate,Automated Testing,255.47,June
442,92,Structural,2/6/2024,Component,Minor,Manual Testing,914.32,February
443,16,Cosmetic,6/25/2024,Internal,Critical,Automated Testing,519.15,June
444,63,Functional,2/8/2024,Internal,Moderate,Manual Testing,816.09,February
445,65,Functional,3/23/2024,Component,Minor,Manual Testing,481.11,March
446,60,Cosmetic,1/20/2024,Component,Moderate,Automated Testing,780.05,January
447,58,Structural,1/9/2024,Internal,Minor,Automated Testing,750.51,January
448,69,Functional,5/10/2024,Component,Moderate,Manual Testing,908.59,May
449,7,Functional,3/10/2024,Component,Moderate,Visual Inspection,705.47,March
450,80,Functional,4/23/2024,Internal,Minor,Automated Testing,406.28,April
451,55,Functional,1/2/2024,Internal,Critical,Manual Testing,295.41,January
452,6,Structural,3/4/2024,Internal,Critical,Visual Inspection,903.36,March
453,86,Structural,5/17/2024,Component,Moderate,Manual Testing,803.65,May
454,70,Functional,3/30/2024,Component,Moderate,Automated Testing,359.69,March
455,50,Structural,3/30/2024,Component,Moderate,Manual Testing,699.69,March
456,20,Structural,4/5/2024,Surface,Critical,Manual Testing,281.81,April
457,63,Structural,4/11/2024,Surface,Minor,Automated Testing,896.04,April
458,66,Functional,4/23/2024,Internal,Moderate,Visual Inspection,587.69,April
459,64,Functional,2/26/2024,Component,Moderate,Automated Testing,623.52,February
460,66,Structural,6/11/2024,Component,Minor,Visual Inspection,668.05,June
461,95,Functional,3/2/2024,Internal,Minor,Visual Inspection,571.02,March
462,56,Structural,2/18/2024,Internal,Minor,Manual Testing,918.39,February
463,75,Functional,3/15/2024,Surface,Minor,Automated Testing,669.62,March
464,81,Functional,1/27/2024,Component,Moderate,Visual Inspection,581.01,January
465,39,Structural,5/20/2024,Internal,Minor,Manual Testing,899.45,May
466,57,Cosmetic,1/5/2024,Surface,Critical,Visual Inspection,764.59,January
467,83,Cosmetic,2/28/2024,Internal,Moderate,Automated Testing,150.16,February
468,98,Functional,3/26/2024,Internal,Minor,Visual Inspection,791.72,March
469,90,Functional,4/28/2024,Surface,Moderate,Manual Testing,15.1,April
470,76,Structural,2/22/2024,Component,Minor,Visual Inspection,466.92,February
471,89,Cosmetic,3/24/2024,Internal,Minor,Manual Testing,833.02,March
472,43,Functional,3/24/2024,Internal,Critical,Visual Inspection,907.98,March
473,38,Structural,2/25/2024,Internal,Minor,Manual Testing,652.85,February
474,62,Cosmetic,2/4/2024,Component,Moderate,Automated Testing,618.88,February
475,97,Cosmetic,3/16/2024,Surface,Moderate,Manual Testing,140.36,March
476,86,Cosmetic,2/1/2024,Internal,Critical,Visual Inspection,683.68,February
477,38,Functional,2/23/2024,Component,Critical,Visual Inspection,613.47,February
478,58,Functional,1/18/2024,Surface,Moderate,Visual Inspection,895.11,January
479,32,Cosmetic,6/7/2024,Component,Critical,Visual Inspection,515.94,June
480,78,Functional,1/7/2024,Internal,Minor,Automated Testing,293.09,January
481,66,Cosmetic,6/2/2024,Surface,Critical,Automated Testing,689.42,June
482,68,Structural,6/16/2024,Surface,Critical,Visual Inspection,148.53,June
483,10,Structural,2/17/2024,Component,Moderate,Visual Inspection,933.3,February
484,77,Cosmetic,2/10/2024,Internal,Minor,Manual Testing,336.75,February
485,50,Structural,2/29/2024,Surface,Minor,Manual Testing,223.73,February
486,97,Cosmetic,3/29/2024,Internal,Critical,Automated Testing,236.47,March
487,26,Cosmetic,3/13/2024,Internal,Critical,Manual Testing,647.11,March
488,51,Cosmetic,4/4/2024,Surface,Minor,Automated Testing,268.57,April
489,57,Cosmetic,5/10/2024,Internal,Minor,Visual Inspection,405.89,May
490,12,Functional,3/11/2024,Internal,Minor,Manual Testing,643.98,March
491,90,Functional,2/19/2024,Internal,Critical,Manual Testing,183.11,February
492,79,Functional,4/21/2024,Component,Moderate,Visual Inspection,878.64,April
493,58,Functional,6/9/2024,Component,Critical,Manual Testing,702.09,June
494,31,Structural,3/1/2024,Internal,Critical,Visual Inspection,823.59,March
495,49,Structural,1/28/2024,Surface,Moderate,Automated Testing,294.56,January
496,6,Functional,1/16/2024,Internal,Critical,Visual Inspection,533.14,January
497,49,Functional,3/28/2024,Component,Critical,Visual Inspection,975.5,March
498,87,Cosmetic,6/17/2024,Internal,Moderate,Visual Inspection,707.21,June
499,60,Cosmetic,4/1/2024,Surface,Moderate,Visual Inspection,775.91,April
500,100,Functional,4/19/2024,Surface,Moderate,Manual Testing,617.36,April
501,46,Structural,1/13/2024,Surface,Minor,Visual Inspection,922.52,January
502,62,Structural,4/26/2024,Surface,Minor,Automated Testing,81.91,April
503,91,Cosmetic,6/13/2024,Surface,Critical,Manual Testing,40.19,June
504,74,Cosmetic,5/26/2024,Internal,Moderate,Manual Testing,943.79,May
505,92,Structural,4/11/2024,Surface,Minor,Visual Inspection,411.9,April
506,66,Structural,5/5/2024,Internal,Critical,Visual Inspection,759.53,May
507,81,Cosmetic,1/15/2024,Component,Critical,Manual Testing,368.11,January
508,41,Functional,4/4/2024,Surface,Moderate,Visual Inspection,27.9,April
509,91,Structural,4/21/2024,Internal,Critical,Automated Testing,670.09,April
510,35,Functional,5/24/2024,Internal,Critical,Automated Testing,790.76,May
511,12,Cosmetic,6/20/2024,Internal,Moderate,Manual Testing,769.88,June
512,77,Cosmetic,5/6/2024,Internal,Critical,Automated Testing,262.6,May
513,11,Cosmetic,3/23/2024,Surface,Moderate,Visual Inspection,520.44,March
514,93,Structural,5/19/2024,Component,Minor,Visual Inspection,624.75,May
515,3,Structural,3/22/2024,Internal,Moderate,Manual Testing,496.27,March
516,43,Functional,6/20/2024,Component,Moderate,Automated Testing,368.54,June
517,88,Cosmetic,6/12/2024,Internal,Moderate,Manual Testing,942.94,June
518,4,Cosmetic,3/28/2024,Internal,Critical,Automated Testing,449.63,March
519,96,Functional,6/18/2024,Internal,Critical,Manual Testing,117.82,June
520,75,Functional,5/12/2024,Internal,Critical,Visual Inspection,300.05,May
521,86,Structural,1/7/2024,Surface,Critical,Visual Inspection,975.1,January
522,70,Structural,1/13/2024,Surface,Critical,Manual Testing,74.36,January
523,6,Functional,1/8/2024,Component,Moderate,Automated Testing,924.05,January
524,14,Cosmetic,2/10/2024,Surface,Minor,Visual Inspection,132.39,February
525,77,Functional,2/24/2024,Surface,Critical,Manual Testing,893.77,February
526,65,Structural,2/10/2024,Surface,Minor,Manual Testing,142.64,February
527,70,Structural,4/19/2024,Component,Minor,Manual Testing,368.94,April
528,8,Functional,6/10/2024,Internal,Minor,Automated Testing,997.03,June
529,54,Structural,1/2/2024,Surface,Minor,Manual Testing,496.1,January
530,98,Functional,2/2/2024,Surface,Critical,Automated Testing,798.12,February
531,82,Cosmetic,2/8/2024,Internal,Critical,Visual Inspection,572.74,February
532,6,Structural,2/10/2024,Surface,Critical,Manual Testing,53.77,February
533,49,Cosmetic,4/3/2024,Surface,Minor,Visual Inspection,369.83,April
534,14,Cosmetic,4/11/2024,Surface,Minor,Visual Inspection,398.17,April
535,88,Structural,3/21/2024,Internal,Critical,Automated Testing,825.57,March
536,8,Functional,5/13/2024,Internal,Critical,Automated Testing,201.88,May
537,91,Cosmetic,6/13/2024,Component,Critical,Visual Inspection,47.47,June
538,1,Structural,5/11/2024,Component,Moderate,Automated Testing,856.33,May
539,15,Cosmetic,5/12/2024,Internal,Moderate,Manual Testing,497.65,May
540,20,Cosmetic,2/14/2024,Internal,Minor,Manual Testing,908.53,February
541,16,Cosmetic,4/29/2024,Component,Critical,Manual Testing,371.88,April
542,49,Functional,6/25/2024,Surface,Moderate,Manual Testing,960.15,June
543,76,Structural,3/18/2024,Component,Minor,Visual Inspection,73.55,March
544,56,Cosmetic,1/12/2024,Component,Minor,Automated Testing,615.43,January
545,21,Structural,6/17/2024,Component,Minor,Visual Inspection,619.02,June
546,17,Functional,1/15/2024,Component,Minor,Manual Testing,677.64,January
547,10,Cosmetic,2/25/2024,Surface,Moderate,Visual Inspection,684.16,February
548,90,Functional,3/26/2024,Internal,Critical,Automated Testing,536.37,March
549,8,Cosmetic,1/22/2024,Surface,Minor,Visual Inspection,47.22,January
550,27,Structural,5/26/2024,Surface,Minor,Automated Testing,704.44,May
551,87,Functional,4/15/2024,Surface,Minor,Automated Testing,512.02,April
552,93,Structural,6/4/2024,Component,Minor,Automated Testing,36.04,June
553,12,Functional,1/10/2024,Surface,Critical,Manual Testing,811.65,January
554,30,Functional,1/28/2024,Internal,Critical,Automated Testing,900.37,January
555,4,Functional,3/6/2024,Component,Minor,Automated Testing,644.51,March
556,71,Functional,2/11/2024,Surface,Minor,Visual Inspection,355.85,February
557,97,Functional,3/3/2024,Internal,Minor,Manual Testing,945.18,March
558,12,Structural,4/13/2024,Internal,Minor,Visual Inspection,201.79,April
559,17,Cosmetic,2/26/2024,Internal,Minor,Manual Testing,73,February
560,94,Cosmetic,1/9/2024,Surface,Moderate,Manual Testing,769.57,January
561,45,Functional,3/27/2024,Surface,Moderate,Automated Testing,930.11,March
562,72,Cosmetic,1/15/2024,Internal,Moderate,Manual Testing,554.98,January
563,56,Functional,2/13/2024,Component,Minor,Automated Testing,826.59,February
564,93,Functional,2/18/2024,Surface,Critical,Manual Testing,362.82,February
565,58,Structural,1/15/2024,Surface,Minor,Manual Testing,946.8,January
566,96,Cosmetic,2/17/2024,Internal,Minor,Automated Testing,192.28,February
567,38,Functional,4/4/2024,Internal,Critical,Automated Testing,383.41,April
568,62,Structural,3/19/2024,Surface,Minor,Automated Testing,132.83,March
569,97,Functional,5/14/2024,Component,Critical,Automated Testing,904.32,May
570,12,Cosmetic,3/22/2024,Internal,Critical,Visual Inspection,944.63,March
571,47,Functional,4/19/2024,Surface,Critical,Manual Testing,524.5,April
572,73,Structural,2/17/2024,Internal,Critical,Visual Inspection,976.75,February
573,46,Cosmetic,2/27/2024,Internal,Critical,Visual Inspection,508.94,February
574,5,Functional,1/21/2024,Component,Critical,Visual Inspection,565.86,January
575,72,Functional,3/7/2024,Component,Minor,Visual Inspection,151.62,March
576,99,Structural,4/10/2024,Surface,Critical,Automated Testing,394.88,April
577,1,Functional,4/21/2024,Surface,Critical,Visual Inspection,404.22,April
578,26,Structural,6/9/2024,Component,Minor,Visual Inspection,564.82,June
579,100,Structural,4/12/2024,Internal,Minor,Manual Testing,722.21,April
580,15,Structural,3/4/2024,Internal,Moderate,Visual Inspection,16.05,March
581,9,Functional,6/20/2024,Internal,Moderate,Manual Testing,666.31,June
582,80,Cosmetic,6/8/2024,Component,Moderate,Automated Testing,346.73,June
583,86,Structural,6/29/2024,Internal,Moderate,Automated Testing,138.42,June
584,42,Structural,6/29/2024,Component,Minor,Visual Inspection,663.53,June
585,19,Structural,6/1/2024,Surface,Critical,Automated Testing,150.78,June
586,97,Cosmetic,3/11/2024,Surface,Critical,Automated Testing,503.25,March
587,68,Structural,2/3/2024,Surface,Moderate,Manual Testing,576.57,February
588,40,Structural,2/26/2024,Surface,Moderate,Visual Inspection,204.6,February
589,8,Structural,3/3/2024,Internal,Moderate,Visual Inspection,410.72,March
590,90,Structural,2/17/2024,Component,Minor,Manual Testing,50.38,February
591,90,Functional,2/9/2024,Surface,Moderate,Manual Testing,400.31,February
592,7,Structural,6/1/2024,Internal,Minor,Automated Testing,301.7,June
593,73,Functional,6/23/2024,Surface,Moderate,Visual Inspection,64.74,June
594,96,Cosmetic,1/14/2024,Surface,Moderate,Automated Testing,485.27,January
595,60,Cosmetic,6/21/2024,Surface,Moderate,Automated Testing,194.44,June
596,74,Structural,6/16/2024,Internal,Moderate,Automated Testing,891.01,June
597,26,Cosmetic,4/19/2024,Internal,Critical,Automated Testing,267.51,April
598,50,Functional,6/8/2024,Component,Critical,Automated Testing,151.43,June
599,36,Functional,4/20/2024,Internal,Critical,Manual Testing,297.76,April
600,46,Cosmetic,4/21/2024,Component,Critical,Manual Testing,663.35,April
601,46,Structural,4/24/2024,Internal,Moderate,Visual Inspection,927.75,April
602,74,Cosmetic,2/10/2024,Surface,Moderate,Visual Inspection,283.6,February
603,45,Structural,3/21/2024,Surface,Moderate,Manual Testing,919.65,March
604,100,Functional,3/25/2024,Surface,Critical,Visual Inspection,302.29,March
605,63,Functional,5/27/2024,Surface,Moderate,Automated Testing,309.53,May
606,63,Structural,4/13/2024,Surface,Minor,Manual Testing,478.6,April
607,75,Cosmetic,5/30/2024,Component,Minor,Visual Inspection,419.58,May
608,5,Cosmetic,3/25/2024,Surface,Minor,Automated Testing,685.3,March
609,5,Structural,5/6/2024,Internal,Critical,Visual Inspection,390.64,May
610,81,Cosmetic,5/12/2024,Internal,Minor,Manual Testing,837.9,May
611,80,Functional,1/20/2024,Internal,Minor,Manual Testing,67.82,January
612,56,Structural,4/13/2024,Internal,Minor,Manual Testing,21.12,April
613,68,Structural,1/8/2024,Surface,Moderate,Visual Inspection,700.72,January
614,67,Cosmetic,1/18/2024,Surface,Critical,Manual Testing,893.3,January
615,53,Cosmetic,3/2/2024,Surface,Moderate,Automated Testing,736.75,March
616,81,Functional,3/9/2024,Internal,Critical,Manual Testing,803.54,March
617,47,Functional,3/23/2024,Internal,Moderate,Automated Testing,21.17,March
618,92,Functional,2/29/2024,Component,Minor,Manual Testing,678.59,February
619,87,Functional,2/18/2024,Component,Moderate,Automated Testing,220.01,February
620,51,Cosmetic,2/3/2024,Internal,Critical,Manual Testing,251.67,February
621,61,Structural,4/10/2024,Surface,Critical,Manual Testing,808.85,April
622,87,Structural,1/6/2024,Internal,Minor,Manual Testing,537.35,January
623,8,Cosmetic,4/6/2024,Component,Moderate,Manual Testing,178.3,April
624,56,Cosmetic,1/9/2024,Internal,Critical,Visual Inspection,638.8,January
625,98,Functional,6/24/2024,Internal,Critical,Automated Testing,770.66,June
626,7,Structural,4/19/2024,Component,Minor,Visual Inspection,289.27,April
627,24,Structural,5/15/2024,Component,Minor,Automated Testing,779.02,May
628,23,Structural,1/4/2024,Surface,Moderate,Automated Testing,704.06,January
629,43,Functional,4/16/2024,Internal,Critical,Visual Inspection,546.42,April
630,95,Functional,6/23/2024,Component,Moderate,Visual Inspection,780.89,June
631,13,Cosmetic,5/3/2024,Surface,Minor,Manual Testing,303.08,May
632,72,Structural,5/4/2024,Internal,Minor,Automated Testing,557.57,May
633,28,Functional,1/28/2024,Component,Minor,Manual Testing,222.11,January
634,94,Functional,5/23/2024,Internal,Minor,Visual Inspection,575.47,May
635,60,Structural,6/14/2024,Component,Minor,Automated Testing,478.44,June
636,17,Functional,2/5/2024,Surface,Moderate,Visual Inspection,32.62,February
637,21,Functional,5/29/2024,Component,Critical,Automated Testing,121.29,May
638,89,Cosmetic,4/7/2024,Component,Moderate,Automated Testing,967.29,April
639,43,Cosmetic,1/17/2024,Surface,Moderate,Visual Inspection,200.29,January
640,5,Cosmetic,6/21/2024,Internal,Minor,Automated Testing,185,June
641,7,Functional,1/30/2024,Internal,Moderate,Manual Testing,959.61,January
642,28,Structural,1/26/2024,Component,Critical,Visual Inspection,170.66,January
643,27,Cosmetic,6/17/2024,Component,Minor,Visual Inspection,563.94,June
644,58,Cosmetic,6/8/2024,Internal,Minor,Automated Testing,52.03,June
645,33,Functional,6/7/2024,Component,Critical,Automated Testing,474.62,June
646,20,Structural,1/14/2024,Surface,Moderate,Visual Inspection,263.76,January
647,11,Cosmetic,5/3/2024,Component,Moderate,Automated Testing,758.91,May
648,31,Cosmetic,1/9/2024,Component,Critical,Visual Inspection,59.04,January
649,76,Cosmetic,1/11/2024,Internal,Moderate,Visual Inspection,647.01,January
650,32,Cosmetic,5/21/2024,Internal,Moderate,Manual Testing,451.58,May
651,34,Structural,2/9/2024,Internal,Minor,Manual Testing,221.25,February
652,66,Cosmetic,4/19/2024,Component,Critical,Manual Testing,194.9,April
653,62,Functional,2/29/2024,Surface,Minor,Automated Testing,433.75,February
654,86,Cosmetic,6/19/2024,Surface,Critical,Automated Testing,264.85,June
655,91,Cosmetic,3/16/2024,Surface,Moderate,Automated Testing,230.68,March
656,63,Cosmetic,6/21/2024,Surface,Minor,Visual Inspection,836.11,June
657,73,Structural,3/27/2024,Surface,Critical,Manual Testing,703.94,March
658,94,Structural,6/9/2024,Surface,Moderate,Visual Inspection,814.84,June
659,88,Structural,1/19/2024,Component,Minor,Visual Inspection,153.25,January
660,12,Functional,3/28/2024,Internal,Minor,Visual Inspection,324.09,March
661,48,Structural,2/6/2024,Component,Moderate,Visual Inspection,436.9,February
662,35,Cosmetic,6/17/2024,Surface,Minor,Manual Testing,917.26,June
663,25,Cosmetic,1/13/2024,Component,Critical,Automated Testing,45.26,January
664,47,Functional,1/26/2024,Surface,Critical,Visual Inspection,416.2,January
665,55,Functional,5/16/2024,Component,Minor,Manual Testing,246.83,May
666,45,Structural,1/3/2024,Component,Critical,Visual Inspection,824.28,January
667,12,Cosmetic,6/2/2024,Surface,Minor,Visual Inspection,680.74,June
668,33,Structural,2/26/2024,Surface,Critical,Automated Testing,376.62,February
669,3,Functional,1/10/2024,Surface,Moderate,Manual Testing,400.79,January
670,15,Structural,2/19/2024,Component,Critical,Visual Inspection,496.72,February
671,45,Structural,4/21/2024,Component,Moderate,Manual Testing,369.13,April
672,16,Functional,5/19/2024,Internal,Moderate,Automated Testing,916.45,May
673,63,Functional,5/1/2024,Internal,Minor,Visual Inspection,152.08,May
674,63,Structural,1/6/2024,Surface,Moderate,Visual Inspection,373.52,January
675,96,Cosmetic,5/12/2024,Surface,Critical,Visual Inspection,345.64,May
676,4,Cosmetic,4/6/2024,Internal,Critical,Visual Inspection,33.95,April
677,2,Structural,1/4/2024,Component,Critical,Visual Inspection,478.44,January
678,19,Functional,3/20/2024,Component,Critical,Manual Testing,884.03,March
679,61,Structural,1/23/2024,Internal,Critical,Visual Inspection,113.64,January
680,5,Structural,1/19/2024,Component,Moderate,Visual Inspection,479.38,January
681,8,Structural,1/16/2024,Internal,Critical,Visual Inspection,395.56,January
682,6,Structural,1/13/2024,Component,Moderate,Manual Testing,290.66,January
683,18,Cosmetic,2/25/2024,Component,Minor,Visual Inspection,309.32,February
684,33,Structural,3/16/2024,Component,Moderate,Manual Testing,28.05,March
685,40,Structural,6/24/2024,Surface,Critical,Visual Inspection,37.69,June
686,35,Cosmetic,1/23/2024,Internal,Critical,Automated Testing,293.44,January
687,99,Functional,3/16/2024,Component,Minor,Visual Inspection,249.02,March
688,65,Structural,2/18/2024,Surface,Minor,Manual Testing,327.88,February
689,56,Cosmetic,3/9/2024,Surface,Critical,Manual Testing,749.31,March
690,96,Cosmetic,5/26/2024,Component,Minor,Automated Testing,19.23,May
691,4,Functional,5/31/2024,Internal,Critical,Manual Testing,470.43,May
692,67,Cosmetic,2/18/2024,Component,Critical,Automated Testing,135.49,February
693,95,Structural,6/26/2024,Component,Minor,Manual Testing,531.4,June
694,18,Cosmetic,2/16/2024,Surface,Critical,Manual Testing,205.83,February
695,97,Cosmetic,4/20/2024,Component,Moderate,Visual Inspection,547.02,April
696,84,Functional,1/6/2024,Component,Moderate,Visual Inspection,459.29,January
697,51,Cosmetic,4/2/2024,Surface,Critical,Manual Testing,762.32,April
698,34,Cosmetic,3/29/2024,Component,Moderate,Visual Inspection,684.85,March
699,1,Cosmetic,4/4/2024,Component,Critical,Automated Testing,940.9,April
700,41,Cosmetic,2/13/2024,Surface,Minor,Manual Testing,894.66,February
701,67,Functional,3/30/2024,Component,Minor,Manual Testing,10.44,March
702,43,Cosmetic,4/20/2024,Component,Minor,Visual Inspection,878.23,April
703,34,Structural,1/31/2024,Internal,Minor,Automated Testing,164.64,January
704,7,Structural,2/2/2024,Internal,Critical,Visual Inspection,132.46,February
705,54,Functional,2/3/2024,Internal,Moderate,Automated Testing,789.51,February
706,37,Functional,5/24/2024,Component,Moderate,Visual Inspection,969.4,May
707,86,Functional,3/14/2024,Surface,Critical,Automated Testing,667.18,March
708,22,Functional,4/9/2024,Component,Minor,Manual Testing,781.35,April
709,79,Functional,3/10/2024,Component,Minor,Automated Testing,711.6,March
710,4,Cosmetic,6/26/2024,Surface,Moderate,Visual Inspection,91.9,June
711,36,Cosmetic,5/28/2024,Internal,Minor,Manual Testing,767.74,May
712,74,Structural,3/30/2024,Surface,Minor,Visual Inspection,535.88,March
713,36,Structural,2/29/2024,Internal,Critical,Automated Testing,390.43,February
714,66,Cosmetic,6/4/2024,Component,Minor,Visual Inspection,932.34,June
715,27,Functional,4/21/2024,Surface,Moderate,Manual Testing,763.5,April
716,86,Structural,4/5/2024,Surface,Minor,Visual Inspection,438.58,April
717,84,Cosmetic,1/1/2024,Internal,Minor,Manual Testing,147.94,January
718,33,Cosmetic,3/11/2024,Internal,Minor,Automated Testing,967.35,March
719,18,Cosmetic,4/4/2024,Internal,Minor,Manual Testing,909.42,April
720,77,Functional,2/2/2024,Internal,Moderate,Manual Testing,617.24,February
721,44,Cosmetic,4/26/2024,Component,Moderate,Manual Testing,552,April
722,76,Structural,3/10/2024,Internal,Minor,Manual Testing,746.64,March
723,25,Structural,1/27/2024,Internal,Critical,Visual Inspection,133.43,January
724,58,Structural,2/21/2024,Surface,Moderate,Manual Testing,437.82,February
725,15,Cosmetic,3/27/2024,Surface,Minor,Visual Inspection,713.29,March
726,24,Cosmetic,2/25/2024,Surface,Critical,Automated Testing,321.04,February
727,92,Functional,1/12/2024,Surface,Minor,Automated Testing,988.41,January
728,5,Structural,1/10/2024,Component,Critical,Manual Testing,164.56,January
729,74,Structural,2/28/2024,Component,Moderate,Manual Testing,357.07,February
730,31,Structural,3/19/2024,Surface,Minor,Automated Testing,189.23,March
731,37,Cosmetic,5/30/2024,Component,Moderate,Manual Testing,840.24,May
732,44,Structural,2/21/2024,Internal,Minor,Automated Testing,630.5,February
733,28,Functional,2/6/2024,Surface,Moderate,Manual Testing,584.54,February
734,85,Functional,2/16/2024,Surface,Moderate,Automated Testing,995.47,February
735,60,Structural,2/12/2024,Surface,Critical,Manual Testing,894.31,February
736,63,Functional,1/21/2024,Component,Minor,Automated Testing,420.57,January
737,46,Structural,4/14/2024,Component,Moderate,Visual Inspection,71.86,April
738,81,Structural,5/4/2024,Internal,Minor,Manual Testing,895.96,May
739,98,Cosmetic,2/4/2024,Component,Moderate,Manual Testing,491.28,February
740,79,Functional,4/23/2024,Internal,Moderate,Manual Testing,63.99,April
741,91,Cosmetic,4/6/2024,Internal,Minor,Visual Inspection,409.99,April
742,51,Cosmetic,1/6/2024,Internal,Critical,Automated Testing,391.78,January
743,27,Cosmetic,1/24/2024,Internal,Minor,Manual Testing,921.78,January
744,30,Cosmetic,6/10/2024,Component,Minor,Manual Testing,789.34,June
745,97,Cosmetic,5/8/2024,Internal,Moderate,Visual Inspection,862.7,May
746,93,Structural,2/9/2024,Component,Minor,Manual Testing,395.02,February
747,52,Cosmetic,3/3/2024,Surface,Minor,Visual Inspection,507.39,March
748,41,Cosmetic,2/14/2024,Internal,Moderate,Manual Testing,990.02,February
749,64,Functional,6/17/2024,Component,Minor,Visual Inspection,466.97,June
750,9,Functional,3/23/2024,Surface,Moderate,Manual Testing,49.52,March
751,42,Functional,1/14/2024,Component,Minor,Manual Testing,543.93,January
752,81,Functional,5/12/2024,Surface,Moderate,Automated Testing,688.91,May
753,83,Cosmetic,1/8/2024,Surface,Critical,Visual Inspection,140.96,January
754,17,Structural,1/13/2024,Component,Minor,Manual Testing,624.69,January
755,90,Cosmetic,1/1/2024,Component,Critical,Manual Testing,317.5,January
756,77,Functional,6/12/2024,Component,Minor,Manual Testing,363.84,June
757,40,Functional,3/17/2024,Surface,Moderate,Manual Testing,472.15,March
758,12,Cosmetic,1/22/2024,Internal,Moderate,Automated Testing,765.19,January
759,40,Cosmetic,3/23/2024,Surface,Moderate,Manual Testing,551.79,March
760,31,Structural,6/22/2024,Surface,Critical,Manual Testing,950.2,June
761,67,Functional,1/5/2024,Component,Critical,Automated Testing,749.01,January
762,27,Cosmetic,2/15/2024,Internal,Critical,Manual Testing,917.24,February
763,44,Cosmetic,4/24/2024,Component,Minor,Automated Testing,527.76,April
764,40,Structural,4/26/2024,Internal,Minor,Visual Inspection,615.24,April
765,70,Structural,4/26/2024,Component,Minor,Visual Inspection,610.26,April
766,49,Cosmetic,4/6/2024,Component,Moderate,Visual Inspection,305.36,April
767,81,Structural,3/23/2024,Component,Minor,Automated Testing,753.7,March
768,48,Cosmetic,1/9/2024,Internal,Moderate,Visual Inspection,67.49,January
769,83,Structural,6/26/2024,Component,Minor,Visual Inspection,655.26,June
770,56,Structural,4/24/2024,Surface,Moderate,Visual Inspection,119.28,April
771,97,Structural,1/13/2024,Internal,Critical,Manual Testing,617.35,January
772,1,Cosmetic,6/11/2024,Surface,Critical,Manual Testing,514.52,June
773,57,Functional,3/30/2024,Component,Minor,Automated Testing,552.3,March
774,35,Structural,3/17/2024,Surface,Critical,Manual Testing,957.27,March
775,22,Cosmetic,5/16/2024,Surface,Minor,Visual Inspection,379.78,May
776,37,Structural,5/2/2024,Surface,Minor,Automated Testing,20.93,May
777,59,Functional,5/31/2024,Component,Moderate,Visual Inspection,698.16,May
778,31,Functional,1/16/2024,Component,Critical,Manual Testing,270.7,January
779,71,Structural,3/24/2024,Internal,Critical,Manual Testing,733.76,March
780,81,Functional,2/5/2024,Surface,Minor,Manual Testing,918.81,February
781,10,Cosmetic,5/30/2024,Component,Minor,Manual Testing,830.39,May
782,92,Functional,4/4/2024,Internal,Moderate,Visual Inspection,429.08,April
783,73,Cosmetic,4/9/2024,Internal,Moderate,Automated Testing,800.91,April
784,2,Functional,3/30/2024,Surface,Moderate,Automated Testing,36.5,March
785,63,Cosmetic,4/7/2024,Surface,Moderate,Visual Inspection,861.84,April
786,54,Cosmetic,6/24/2024,Surface,Minor,Automated Testing,947.21,June
787,36,Functional,1/23/2024,Surface,Minor,Manual Testing,37.44,January
788,41,Structural,1/25/2024,Component,Critical,Automated Testing,571.65,January
789,54,Structural,1/21/2024,Surface,Minor,Automated Testing,331.32,January
790,3,Structural,3/10/2024,Internal,Critical,Manual Testing,212.4,March
791,94,Functional,4/15/2024,Surface,Minor,Automated Testing,451.46,April
792,99,Functional,3/5/2024,Internal,Minor,Manual Testing,948.05,March
793,79,Functional,5/7/2024,Component,Moderate,Visual Inspection,111.39,May
794,81,Structural,3/21/2024,Internal,Critical,Automated Testing,281.41,March
795,83,Structural,3/8/2024,Internal,Minor,Automated Testing,866.14,March
796,83,Structural,5/8/2024,Component,Minor,Visual Inspection,545.23,May
797,62,Cosmetic,6/9/2024,Surface,Moderate,Visual Inspection,545.72,June
798,77,Functional,5/10/2024,Component,Critical,Visual Inspection,395.56,May
799,87,Structural,6/8/2024,Component,Moderate,Manual Testing,914.5,June
800,38,Cosmetic,5/30/2024,Internal,Minor,Automated Testing,339.94,May
801,77,Cosmetic,3/18/2024,Surface,Moderate,Visual Inspection,206.92,March
802,98,Functional,3/17/2024,Component,Moderate,Visual Inspection,336.29,March
803,93,Structural,1/8/2024,Internal,Critical,Visual Inspection,911.03,January
804,13,Structural,1/6/2024,Surface,Minor,Visual Inspection,720.18,January
805,23,Functional,4/17/2024,Surface,Moderate,Manual Testing,602.51,April
806,22,Functional,4/8/2024,Internal,Critical,Manual Testing,996.6,April
807,99,Cosmetic,1/28/2024,Surface,Minor,Automated Testing,373.64,January
808,99,Cosmetic,3/30/2024,Component,Minor,Visual Inspection,792.57,March
809,8,Structural,3/19/2024,Surface,Minor,Visual Inspection,956.44,March
810,77,Functional,6/30/2024,Component,Critical,Manual Testing,916.1,June
811,7,Functional,5/15/2024,Surface,Moderate,Visual Inspection,93.31,May
812,76,Structural,3/18/2024,Internal,Critical,Automated Testing,576.28,March
813,93,Functional,5/6/2024,Surface,Minor,Visual Inspection,89.52,May
814,79,Structural,1/6/2024,Component,Minor,Manual Testing,381.12,January
815,65,Structural,6/21/2024,Surface,Moderate,Visual Inspection,686.02,June
816,43,Functional,3/17/2024,Surface,Minor,Manual Testing,585.81,March
817,96,Structural,3/31/2024,Internal,Critical,Automated Testing,28.26,March
818,82,Functional,3/6/2024,Component,Critical,Visual Inspection,858.99,March
819,63,Cosmetic,2/28/2024,Surface,Critical,Automated Testing,373.68,February
820,61,Functional,2/19/2024,Component,Critical,Manual Testing,937.41,February
821,65,Cosmetic,2/11/2024,Surface,Moderate,Visual Inspection,960.72,February
822,41,Functional,2/25/2024,Component,Moderate,Manual Testing,988.9,February
823,88,Cosmetic,1/29/2024,Internal,Minor,Automated Testing,890.34,January
824,45,Structural,2/13/2024,Component,Minor,Automated Testing,838.89,February
825,26,Functional,1/26/2024,Component,Moderate,Automated Testing,90.18,January
826,8,Cosmetic,1/26/2024,Component,Minor,Manual Testing,693.38,January
827,96,Cosmetic,1/19/2024,Component,Minor,Manual Testing,904.55,January
828,25,Functional,5/12/2024,Surface,Critical,Manual Testing,446.66,May
829,90,Cosmetic,2/12/2024,Internal,Critical,Automated Testing,561.22,February
830,62,Cosmetic,4/12/2024,Surface,Moderate,Visual Inspection,227.29,April
831,57,Structural,4/24/2024,Internal,Critical,Manual Testing,129.15,April
832,37,Cosmetic,6/2/2024,Surface,Critical,Automated Testing,105.91,June
833,90,Cosmetic,2/15/2024,Component,Minor,Visual Inspection,833.94,February
834,4,Structural,4/9/2024,Internal,Moderate,Automated Testing,10.55,April
835,69,Functional,1/2/2024,Surface,Critical,Automated Testing,744.8,January
836,95,Structural,5/8/2024,Surface,Critical,Automated Testing,114.02,May
837,30,Functional,3/10/2024,Surface,Minor,Manual Testing,113.95,March
838,76,Structural,6/14/2024,Surface,Critical,Automated Testing,390.19,June
839,26,Cosmetic,5/11/2024,Surface,Critical,Automated Testing,418.17,May
840,95,Structural,2/16/2024,Surface,Moderate,Automated Testing,536.08,February
841,49,Structural,1/25/2024,Component,Minor,Manual Testing,857.55,January
842,32,Functional,1/13/2024,Surface,Minor,Automated Testing,800.23,January
843,97,Functional,4/30/2024,Surface,Moderate,Visual Inspection,526.93,April
844,83,Structural,2/18/2024,Component,Critical,Automated Testing,97.57,February
845,50,Cosmetic,2/27/2024,Component,Moderate,Automated Testing,438.29,February
846,48,Structural,6/25/2024,Internal,Minor,Manual Testing,937.74,June
847,33,Functional,6/22/2024,Component,Moderate,Visual Inspection,261.19,June
848,28,Functional,5/1/2024,Component,Critical,Visual Inspection,155.84,May
849,100,Cosmetic,6/1/2024,Component,Critical,Visual Inspection,761.38,June
850,10,Structural,6/24/2024,Component,Moderate,Automated Testing,693.41,June
851,95,Functional,3/20/2024,Component,Moderate,Automated Testing,319.06,March
852,7,Functional,3/2/2024,Internal,Moderate,Visual Inspection,451.5,March
853,12,Structural,5/5/2024,Surface,Moderate,Automated Testing,497.38,May
854,14,Functional,6/30/2024,Surface,Minor,Visual Inspection,556.73,June
855,31,Cosmetic,2/7/2024,Component,Critical,Visual Inspection,414.41,February
856,20,Structural,2/1/2024,Surface,Critical,Manual Testing,450.18,February
857,49,Functional,4/10/2024,Component,Moderate,Automated Testing,992.76,April
858,51,Structural,5/12/2024,Surface,Minor,Visual Inspection,797.39,May
859,25,Cosmetic,3/25/2024,Internal,Minor,Manual Testing,651.04,March
860,10,Structural,6/24/2024,Component,Moderate,Visual Inspection,862.64,June
861,51,Structural,1/11/2024,Surface,Critical,Automated Testing,915.73,January
862,63,Structural,2/16/2024,Component,Critical,Visual Inspection,445.47,February
863,46,Functional,3/16/2024,Surface,Critical,Automated Testing,789.92,March
864,95,Cosmetic,1/3/2024,Component,Critical,Manual Testing,951.99,January
865,97,Structural,6/14/2024,Surface,Critical,Visual Inspection,345.34,June
866,99,Cosmetic,2/22/2024,Surface,Minor,Visual Inspection,119.16,February
867,9,Cosmetic,3/16/2024,Surface,Minor,Automated Testing,649.87,March
868,38,Cosmetic,5/10/2024,Surface,Critical,Manual Testing,141.43,May
869,55,Functional,6/8/2024,Surface,Critical,Manual Testing,753.6,June
870,39,Structural,5/4/2024,Internal,Critical,Visual Inspection,210.03,May
871,59,Structural,6/13/2024,Surface,Critical,Manual Testing,992.01,June
872,1,Functional,5/20/2024,Internal,Minor,Automated Testing,148.15,May
873,5,Functional,1/5/2024,Surface,Critical,Visual Inspection,577.39,January
874,1,Cosmetic,4/19/2024,Surface,Critical,Visual Inspection,98.45,April
875,81,Structural,4/18/2024,Component,Moderate,Manual Testing,734.65,April
876,31,Cosmetic,3/31/2024,Surface,Critical,Manual Testing,485.93,March
877,67,Structural,2/4/2024,Component,Minor,Automated Testing,505.47,February
878,13,Functional,5/20/2024,Internal,Critical,Automated Testing,769.34,May
879,37,Structural,3/11/2024,Internal,Moderate,Manual Testing,939.94,March
880,91,Cosmetic,4/19/2024,Surface,Minor,Visual Inspection,18.7,April
881,26,Functional,1/21/2024,Internal,Minor,Automated Testing,892.85,January
882,39,Functional,5/21/2024,Component,Moderate,Automated Testing,85.21,May
883,35,Functional,6/6/2024,Component,Minor,Visual Inspection,20.83,June
884,4,Cosmetic,4/1/2024,Internal,Minor,Manual Testing,800.02,April
885,28,Cosmetic,6/7/2024,Surface,Critical,Visual Inspection,525.36,June
886,4,Structural,4/29/2024,Surface,Minor,Visual Inspection,164.46,April
887,95,Structural,5/29/2024,Component,Moderate,Manual Testing,452.93,May
888,17,Cosmetic,4/16/2024,Component,Critical,Automated Testing,729.83,April
889,52,Functional,5/5/2024,Component,Moderate,Automated Testing,138.24,May
890,49,Structural,6/5/2024,Internal,Minor,Automated Testing,901.01,June
891,90,Functional,6/17/2024,Internal,Minor,Manual Testing,780.69,June
892,4,Structural,5/12/2024,Internal,Critical,Automated Testing,280.56,May
893,64,Structural,4/7/2024,Surface,Minor,Manual Testing,437.25,April
894,73,Structural,5/19/2024,Surface,Minor,Manual Testing,902.78,May
895,64,Structural,1/9/2024,Internal,Minor,Visual Inspection,687.38,January
896,64,Structural,3/29/2024,Internal,Minor,Manual Testing,436.79,March
897,56,Functional,5/15/2024,Internal,Minor,Manual Testing,991.95,May
898,58,Structural,5/16/2024,Surface,Moderate,Manual Testing,247.97,May
899,65,Cosmetic,3/16/2024,Component,Critical,Manual Testing,895.77,March
900,84,Functional,2/16/2024,Surface,Critical,Manual Testing,628.29,February
901,27,Cosmetic,3/20/2024,Internal,Critical,Manual Testing,40.8,March
902,60,Structural,3/12/2024,Component,Minor,Manual Testing,709.87,March
903,88,Functional,5/24/2024,Surface,Minor,Automated Testing,450.31,May
904,4,Cosmetic,4/8/2024,Surface,Moderate,Visual Inspection,577.2,April
905,100,Functional,2/7/2024,Surface,Minor,Manual Testing,431.46,February
906,6,Structural,1/25/2024,Surface,Critical,Visual Inspection,62.68,January
907,4,Structural,2/16/2024,Component,Minor,Visual Inspection,988.05,February
908,31,Functional,4/24/2024,Component,Moderate,Manual Testing,156.46,April
909,6,Functional,3/8/2024,Component,Critical,Visual Inspection,32.9,March
910,43,Functional,2/29/2024,Surface,Moderate,Manual Testing,443.75,February
911,82,Functional,6/7/2024,Component,Minor,Visual Inspection,62.7,June
912,46,Functional,4/28/2024,Component,Moderate,Visual Inspection,278.6,April
913,77,Functional,6/26/2024,Surface,Moderate,Automated Testing,213.48,June
914,89,Functional,6/15/2024,Internal,Critical,Automated Testing,90.11,June
915,66,Cosmetic,3/5/2024,Surface,Moderate,Visual Inspection,108.7,March
916,7,Structural,2/21/2024,Surface,Moderate,Visual Inspection,75.06,February
917,66,Cosmetic,1/4/2024,Component,Critical,Automated Testing,511.65,January
918,24,Functional,6/1/2024,Component,Moderate,Visual Inspection,535.87,June
919,35,Cosmetic,3/1/2024,Internal,Minor,Visual Inspection,585.78,March
920,47,Functional,1/3/2024,Surface,Moderate,Visual Inspection,873.58,January
921,91,Cosmetic,3/9/2024,Internal,Moderate,Automated Testing,73.46,March
922,90,Cosmetic,3/17/2024,Component,Minor,Visual Inspection,793.46,March
923,36,Structural,3/29/2024,Surface,Minor,Visual Inspection,893.77,March
924,2,Cosmetic,6/16/2024,Component,Minor,Manual Testing,409.43,June
925,11,Functional,5/3/2024,Internal,Minor,Automated Testing,351.86,May
926,16,Functional,1/12/2024,Internal,Moderate,Automated Testing,933.37,January
927,44,Cosmetic,3/19/2024,Surface,Moderate,Visual Inspection,333.92,March
928,80,Structural,4/27/2024,Internal,Moderate,Manual Testing,904.57,April
929,5,Functional,4/27/2024,Surface,Critical,Visual Inspection,225.51,April
930,52,Functional,5/14/2024,Component,Critical,Automated Testing,664.52,May
931,81,Structural,2/4/2024,Internal,Critical,Automated Testing,486.49,February
932,80,Functional,5/14/2024,Internal,Moderate,Visual Inspection,127.23,May
933,15,Cosmetic,5/16/2024,Internal,Minor,Visual Inspection,121.96,May
934,62,Cosmetic,5/6/2024,Surface,Minor,Manual Testing,267.64,May
935,46,Structural,1/19/2024,Surface,Critical,Automated Testing,298.03,January
936,7,Cosmetic,2/3/2024,Component,Moderate,Automated Testing,604.72,February
937,94,Structural,4/18/2024,Internal,Critical,Manual Testing,749.05,April
938,38,Structural,4/8/2024,Surface,Minor,Manual Testing,499.34,April
939,92,Cosmetic,2/16/2024,Internal,Moderate,Visual Inspection,590.85,February
940,29,Functional,4/1/2024,Internal,Minor,Manual Testing,355.6,April
941,46,Structural,1/27/2024,Component,Minor,Visual Inspection,266.97,January
942,46,Structural,5/29/2024,Surface,Critical,Visual Inspection,160.08,May
943,79,Cosmetic,4/17/2024,Internal,Moderate,Manual Testing,827.64,April
944,72,Functional,3/11/2024,Surface,Minor,Manual Testing,19.83,March
945,10,Cosmetic,5/24/2024,Surface,Minor,Visual Inspection,989.49,May
946,87,Cosmetic,3/3/2024,Internal,Minor,Manual Testing,133.9,March
947,6,Cosmetic,3/3/2024,Internal,Moderate,Visual Inspection,739.33,March
948,70,Structural,2/16/2024,Component,Moderate,Automated Testing,947.83,February
949,60,Structural,4/11/2024,Surface,Critical,Automated Testing,743.44,April
950,23,Structural,2/23/2024,Surface,Critical,Automated Testing,534.79,February
951,2,Functional,6/8/2024,Internal,Moderate,Visual Inspection,479.56,June
952,23,Structural,2/26/2024,Surface,Critical,Visual Inspection,87.89,February
953,81,Functional,3/27/2024,Surface,Minor,Manual Testing,571.61,March
954,46,Structural,6/17/2024,Surface,Moderate,Visual Inspection,485.1,June
955,85,Functional,2/28/2024,Internal,Minor,Manual Testing,289.68,February
956,43,Functional,3/1/2024,Surface,Critical,Manual Testing,962.48,March
957,13,Structural,5/27/2024,Internal,Minor,Automated Testing,13.19,May
958,25,Structural,4/3/2024,Component,Critical,Visual Inspection,298.81,April
959,53,Cosmetic,4/27/2024,Component,Critical,Automated Testing,916.49,April
960,59,Cosmetic,3/19/2024,Internal,Critical,Automated Testing,15.96,March
961,3,Structural,3/29/2024,Component,Moderate,Visual Inspection,383.65,March
962,78,Cosmetic,1/30/2024,Component,Critical,Manual Testing,612.25,January
963,51,Cosmetic,5/26/2024,Component,Minor,Automated Testing,142,May
964,45,Functional,2/13/2024,Component,Critical,Manual Testing,685.35,February
965,45,Functional,6/22/2024,Internal,Critical,Visual Inspection,358.46,June
966,54,Functional,3/29/2024,Internal,Moderate,Visual Inspection,310.35,March
967,81,Functional,3/13/2024,Internal,Moderate,Manual Testing,610.75,March
968,92,Structural,3/3/2024,Internal,Moderate,Visual Inspection,523.61,March
969,6,Structural,3/15/2024,Surface,Minor,Manual Testing,945.17,March
970,33,Structural,1/28/2024,Internal,Minor,Visual Inspection,708.97,January
971,50,Cosmetic,4/7/2024,Component,Minor,Automated Testing,309.87,April
972,97,Cosmetic,1/4/2024,Surface,Critical,Manual Testing,565.48,January
973,14,Structural,6/14/2024,Surface,Critical,Automated Testing,859.52,June
974,39,Cosmetic,1/21/2024,Internal,Critical,Manual Testing,140.02,January
975,3,Functional,1/1/2024,Component,Moderate,Automated Testing,626.35,January
976,79,Cosmetic,5/18/2024,Component,Moderate,Visual Inspection,807.32,May
977,96,Structural,6/8/2024,Internal,Critical,Automated Testing,888.55,June
978,57,Functional,1/29/2024,Component,Moderate,Automated Testing,440.85,January
979,1,Functional,1/11/2024,Internal,Critical,Manual Testing,652.97,January
980,39,Functional,2/29/2024,Internal,Moderate,Visual Inspection,725.44,February
981,75,Cosmetic,1/16/2024,Internal,Minor,Manual Testing,843.66,January
982,9,Cosmetic,3/15/2024,Component,Moderate,Visual Inspection,611.8,March
983,76,Functional,5/16/2024,Surface,Moderate,Automated Testing,712.12,May
984,43,Functional,6/22/2024,Internal,Critical,Manual Testing,941.33,June
985,99,Functional,2/2/2024,Internal,Critical,Automated Testing,112.15,February
986,47,Structural,2/8/2024,Internal,Moderate,Automated Testing,284.7,February
987,26,Cosmetic,5/22/2024,Internal,Minor,Visual Inspection,694.09,May
988,50,Cosmetic,2/5/2024,Surface,Moderate,Automated Testing,102.98,February
989,11,Cosmetic,1/1/2024,Component,Critical,Visual Inspection,398.32,January
990,45,Cosmetic,6/11/2024,Component,Critical,Manual Testing,576.07,June
991,10,Cosmetic,6/8/2024,Internal,Minor,Visual Inspection,51.79,June
992,7,Cosmetic,1/25/2024,Internal,Critical,Visual Inspection,426.31,January
993,83,Functional,3/14/2024,Internal,Critical,Manual Testing,808.65,March
994,77,Cosmetic,2/11/2024,Component,Minor,Visual Inspection,970.37,February
995,41,Cosmetic,1/28/2024,Internal,Moderate,Automated Testing,67.54,January
996,25,Structural,3/1/2024,Component,Minor,Automated Testing,813.14,March
997,23,Functional,3/21/2024,Component,Moderate,Automated Testing,944.07,March
998,17,Structural,1/16/2024,Component,Minor,Automated Testing,401.12,January
999,96,Cosmetic,6/21/2024,Internal,Moderate,Manual Testing,775.63,June
1000,1,Cosmetic,3/23/2024,Component,Minor,Visual Inspection,963.4,March
